Handle,Title,Body (HTML),Vendor,Type,Tags,Published,Option1 Name,Option1 Value,Option2 Name,Option2 Value,Option3 Name,Option3 Value,Variant SKU,Variant Grams,Variant Inventory Tracker,Variant Inventory Qty,Variant Inventory Policy,Variant Fulfillment Service,Variant Price,Variant Compare At Price,Variant Requires Shipping,Variant Taxable,Variant Barcode,Image Src,Image Position,Image Alt Text,Gift Card,SEO Title,SEO Description,Google Shopping / Google Product Category,Google Shopping / Gender,Google Shopping / Age Group,Google Shopping / MPN,Google Shopping / AdWords Grouping,Google Shopping / AdWords Labels,Google Shopping / Condition,Google Shopping / Custom Product,Google Shopping / Custom Label 0,Google Shopping / Custom Label 1,Google Shopping / Custom Label 2,Google Shopping / Custom Label 3,Google Shopping / Custom Label 4,Variant Image,Variant Weight Unit,Variant Tax Code
customer-focused-universal-rustic-concrete-table-frozen-red,Customer-focused Universal Rustic Concrete Table - Frozen red,Aut provident enim nihil non. Aut eveniet assumenda aut occaecati. Nesciunt est rerum enim aut eius. Doloremque eum nihil amet. Dolores vero qui totam ab consequuntur hic. Libero aut nulla est excepturi voluptates fugiat est animi aut.,"Raynor, Rath and Krajcik",Jewelery,data-generator,true,Title,Granite indigo - nbx-7nq,,,,,"",34,shopify,44,deny,manual,260.00,,true,true,,,,,false,,,,,,,,,,,,,,,,,g,
customer-focused-universal-rustic-concrete-table-frozen-red,,,,,,,,Frozen lavender - syh-6zz,,,,,"",0,shopify,17,deny,manual,51.00,,false,true,,,,,,,,,,,,,,,,,,,,,,g,
progressive-function-based-incredible-concrete-hat-concrete-indigo,Progressive Function-based Incredible Concrete Hat - Concrete indigo,Omnis voluptatem consectetur sapiente. Maiores incidunt eum et a deleniti ex. Aperiam aspernatur et ullam facilis sapiente repellendus a. Perspiciatis temporibus id alias officia in voluptatum voluptatem. Maxime officia illo qui est. Et alias atque.,Kulas LLC,Clothing,data-generator,true,Title,Wooden lavender - 68o-k15,,,,,"",0,shopify,23,deny,manual,177.00,,false,true,,,,,false,,,,,,,,,,,,,,,,,g,
progressive-function-based-incredible-concrete-hat-concrete-indigo,,,,,,,,Rubber cyan - imb-d6v,,,,,"",311,shopify,40,deny,manual,62.00,,true,true,,,,,,,,,,,,,,,,,,,,,,g,
expanded-small-plastic-hat,Expanded Small Plastic Hat,Nemo ut similique. Cumque aliquid qui non magni voluptas atque aut. Iusto corrupti maiores et tempora quia quia sunt. Nihil non modi quo recusandae voluptas tenetur illo. Qui et ut at totam similique. Est vel aspernatur ut sit soluta repudiandae quia laborum.,Schamberger - Yost,Outdoors,data-generator,true,Title,Metal yellow - o9g-yad,,,,,"",427,shopify,50,deny,manual,122.00,,true,true,,https://cdn.shopify.com/s/files/1/0019/4668/1410/products/stack-of-t-shirts.jpg?v=1529421103,1,,false,,,,,,,,,,,,,,,,,g,
expanded-small-plastic-hat,,,,,,,,Rubber orange - 3rc-zrc,,,,,"",449,shopify,43,deny,manual,203.00,,true,true,,,,,,,,,,,,,,,,,,,,,,g,
expanded-small-plastic-hat,,,,,,,,Granite mint green - glg-ocs,,,,,"",455,shopify,9,deny,manual,71.00,,true,true,,,,,,,,,,,,,,,,,,,,,,g,
customizable-sleek-metal-soap,Customizable Sleek Metal Soap,Optio animi dolore aut libero a tempora illo. Exercitationem hic rem molestias recusandae eos vel error soluta. Architecto neque dolores a et quam laboriosam et vel.,"Koch, Schaden and Koss",Computers,data-generator,true,Title,Cotton grey - iuo-lcy,,,,,"",0,shopify,46,deny,manual,150.00,,false,true,,,,,false,,,,,,,,,,,,,,,,,g,
customizable-sleek-metal-soap,,,,,,,,Granite blue - sgh-7vu,,,,,"",114,shopify,25,deny,manual,60.00,,true,true,,,,,,,,,,,,,,,,,,,,,,g,
customizable-sleek-metal-soap,,,,,,,,Metal purple - b42-lv2,,,,,"",12,shopify,12,deny,manual,90.00,,true,true,,,,,,,,,,,,,,,,,,,,,,g,
organic-refined-granite-ball-soft-mint-green,Organic Refined Granite Ball - Soft mint green,Ut tenetur veritatis assumenda eaque autem voluptas tenetur laudantium. Autem delectus possimus qui soluta sed occaecati nobis. Facere deserunt ut expedita sit iure reiciendis sit ut.,"Schulist, Vandervort and MacGyver",Sports,data-generator,true,Title,Wooden gold - 5vd-it8,,,,,"",498,shopify,26,deny,manual,171.00,,true,true,,https://cdn.shopify.com/s/files/1/0019/4668/1410/products/bath-bomb-advertisement.jpg?v=1529421103,1,,false,,,,,,,,,,,,,,,,,g,
adaptive-stand-alone-handmade-metal-shirt-steel-olive,Adaptive Stand-alone Handmade Metal Shirt - Steel olive,Architecto nobis aut. Nihil dicta rerum enim enim voluptates. Qui assumenda ab.,Schmidt LLC,Electronics,data-generator,true,Title,Steel black - pmc-qzo,,,,,"",0,shopify,50,deny,manual,284.00,,false,true,,,,,false,,,,,,,,,,,,,,,,,g,
adaptive-stand-alone-handmade-metal-shirt-steel-olive,,,,,,,,Rubber grey - tj0-4p0,,,,,"",230,shopify,40,deny,manual,289.00,,true,true,,,,,,,,,,,,,,,,,,,,,,g,
adaptive-stand-alone-handmade-metal-shirt-steel-olive,,,,,,,,Granite red - il1-x51,,,,,"",0,shopify,31,deny,manual,203.00,,false,true,,,,,,,,,,,,,,,,,,,,,,g,
enterprise-wide-gorgeous-rubber-chips-fresh-purple,Enterprise-wide Gorgeous Rubber Chips - Fresh purple,Quo velit sint. Praesentium nobis aut vel quam molestiae est. Omnis quos modi labore consequatur aut molestiae eum.,"Keeling, Kshlerin and Bednar",Shoes,data-generator,true,Title,Fresh blue - jfo-hqf,,,,,"",42,shopify,7,deny,manual,153.00,,true,true,,https://cdn.shopify.com/s/files/1/0019/4668/1410/products/man-using-smartphone.jpg?v=1529421102,1,,false,,,,,,,,,,,,,,,,,g,
enterprise-wide-gorgeous-rubber-chips-fresh-purple,,,,,,,,Metal gold - e0b-r7y,,,,,"",294,shopify,46,deny,manual,65.00,,true,true,,,,,,,,,,,,,,,,,,,,,,g,
enterprise-wide-gorgeous-rubber-chips-fresh-purple,,,,,,,,Plastic magenta - jzs-t49,,,,,"",0,shopify,29,deny,manual,34.00,,false,true,,,,,,,,,,,,,,,,,,,,,,g,
object-based-gorgeous-cotton-shoes-concrete-lavender,Object-based Gorgeous Cotton Shoes - Concrete lavender,Iusto quidem nostrum. Aut adipisci modi non porro vel reiciendis et cumque. Quos accusamus aut. At sunt accusantium et qui reprehenderit non quod commodi. Vel accusantium et qui sunt.,Klein - Sporer,Outdoors,data-generator,true,Title,Wooden cyan - fum-k39,,,,,"",0,shopify,34,deny,manual,147.00,,false,true,,https://cdn.shopify.com/s/files/1/0019/4668/1410/products/chicago-city-lights-at-night.jpg?v=1529421102,1,,false,,,,,,,,,,,,,,,,,g,
versatile-fantastic-wooden-fish-rubber-grey,Versatile Fantastic Wooden Fish - Rubber grey,Ratione voluptatem vel iure sit quidem dignissimos. Repudiandae quasi numquam fugiat deserunt et. Est ea in omnis ut. Incidunt in commodi. Blanditiis alias non. Ut saepe et distinctio voluptatem repellat et velit.,Waters Inc,Books,data-generator,true,Title,Steel magenta - g2k-nfg,,,,,"",482,shopify,30,deny,manual,46.00,,true,true,,https://cdn.shopify.com/s/files/1/0019/4668/1410/products/dog-bandana_760ffdf2-a8fa-4959-893d-532eaafe92dc.jpg?v=1529421102,1,,false,,,,,,,,,,,,,,,,,g,
versatile-fantastic-wooden-fish-rubber-grey,,,,,,,,Steel sky blue - o22-m95,,,,,"",69,shopify,12,deny,manual,171.00,,true,true,,,,,,,,,,,,,,,,,,,,,,g,
stand-alone-sharable-practical-cotton-bacon-rubber-yellow,Stand-alone Sharable Practical Cotton Bacon - Rubber yellow,Ex optio amet ut natus. Quo mollitia excepturi voluptatem culpa vero voluptatem laborum perferendis. Quia veniam nesciunt fuga veritatis sed nesciunt veritatis vel corporis. Quis et dolorum. Ullam voluptatum voluptatem exercitationem magni eius.,"Considine, Fay and Larkin",Health,data-generator,true,Title,Concrete blue - 9xi-y8d,,,,,"",156,shopify,37,deny,manual,284.00,,true,true,,https://cdn.shopify.com/s/files/1/0019/4668/1410/products/city-skyline-morning.jpg?v=1529421101,1,,false,,,,,,,,,,,,,,,,,g,
stand-alone-sharable-practical-cotton-bacon-rubber-yellow,,,,,,,,Rubber silver - la8-ugz,,,,,"",0,shopify,41,deny,manual,122.00,,false,true,,,,,,,,,,,,,,,,,,,,,,g,
stand-alone-sharable-practical-cotton-bacon-rubber-yellow,,,,,,,,Metal violet - adg-oox,,,,,"",253,shopify,25,deny,manual,44.00,,true,true,,,,,,,,,,,,,,,,,,,,,,g,
profound-sleek-cotton-pizza,Profound Sleek Cotton Pizza,Ut sed nam reiciendis fugiat unde assumenda. Veritatis necessitatibus magnam quis qui quia aut unde. Excepturi voluptatem autem nesciunt facilis similique sed quae.,"Wolf, Cummings and Lockman",Kids,data-generator,true,Title,Fresh indigo - 2wq-93k,,,,,"",375,shopify,15,deny,manual,289.00,,true,true,,https://cdn.shopify.com/s/files/1/0019/4668/1410/products/boom-bomb-enamel-pin-denim.jpg?v=1529421101,1,,false,,,,,,,,,,,,,,,,,g,
profound-sleek-cotton-pizza,,,,,,,,Concrete gold - 43b-dyv,,,,,"",358,shopify,22,deny,manual,50.00,,true,true,,,,,,,,,,,,,,,,,,,,,,g,
assimilated-tasty-concrete-pants-plastic-olive,Assimilated Tasty Concrete Pants - Plastic olive,Pariatur sit ut ipsum eos ducimus et error dolorem. Nisi odio doloremque culpa quia. Animi sunt officiis est. Suscipit cum corrupti laborum quos consequatur.,"McKenzie, Wintheiser and Towne",Jewelery,data-generator,true,Title,Granite olive - 2iv-xec,,,,,"",150,shopify,33,deny,manual,146.00,,true,true,,https://cdn.shopify.com/s/files/1/0019/4668/1410/products/dainty-gold-necklace.jpg?v=1529421101,1,,false,,,,,,,,,,,,,,,,,g,
assimilated-tasty-concrete-pants-plastic-olive,,,,,,,,Fresh grey - nbg-5ff,,,,,"",242,shopify,1,deny,manual,69.00,,true,true,,,,,,,,,,,,,,,,,,,,,,g,
assimilated-tasty-concrete-pants-plastic-olive,,,,,,,,Steel lavender - 5qu-i8t,,,,,"",256,shopify,10,deny,manual,32.00,,true,true,,,,,,,,,,,,,,,,,,,,,,g,
distributed-fantastic-soft-pants,Distributed Fantastic Soft Pants,Maxime occaecati sapiente tenetur magnam nihil officiis occaecati aliquam voluptatum. Quo doloribus inventore et mollitia earum molestias similique sint. Ipsum quos aut ipsam quibusdam omnis. Expedita odit itaque incidunt velit et a. Accusantium voluptates fuga ut sit doloribus sit impedit quis nam. Aliquid sapiente fugiat ut occaecati vel cupiditate molestiae et.,Beier Group,Shoes,data-generator,true,Title,Metal green - 2yy-kz1,,,,,"",45,shopify,41,deny,manual,238.00,,true,true,,https://cdn.shopify.com/s/files/1/0019/4668/1410/products/woman-using-smart-phone-with-case.jpg?v=1529421101,1,,false,,,,,,,,,,,,,,,,,g,
networked-gorgeous-cotton-table-rubber-purple,Networked Gorgeous Cotton Table - Rubber purple,Similique facilis atque aut. Qui quo aut et tempora consequatur voluptatem labore iste. Eius eum labore voluptatem ut vero id. Voluptatibus doloremque dolores nulla excepturi consequatur sint omnis enim quasi. Saepe est sunt non blanditiis maiores sapiente. Dicta explicabo aut quia iste dicta aut placeat.,Kuhic - Muller,Garden,data-generator,true,Title,Granite magenta - 51k-eot,,,,,"",1,shopify,37,deny,manual,254.00,,true,true,,https://cdn.shopify.com/s/files/1/0019/4668/1410/products/back-of-rainbow-pin.jpg?v=1529421101,1,,false,,,,,,,,,,,,,,,,,g,
networked-gorgeous-cotton-table-rubber-purple,,,,,,,,Fresh azure - g5c-vrv,,,,,"",390,shopify,43,deny,manual,258.00,,true,true,,,,,,,,,,,,,,,,,,,,,,g,
intuitive-monitored-fantastic-concrete-chair-fresh-cyan,Intuitive Monitored Fantastic Concrete Chair - Fresh cyan,Molestias ipsum animi aut veniam veniam fuga molestiae. Minima autem et dolorem doloribus quod suscipit expedita dignissimos est. Iste est ad velit. Ad consectetur sunt autem nostrum. Velit vel hic repellat libero fugit vitae. Dolores eaque nemo.,White Inc,Jewelery,data-generator,true,Title,Steel salmon - 94t-ktj,,,,,"",0,shopify,33,deny,manual,33.00,,false,true,,https://cdn.shopify.com/s/files/1/0019/4668/1410/products/dog-in-sunlight.jpg?v=1529421101,1,,false,,,,,,,,,,,,,,,,,g,
intuitive-monitored-fantastic-concrete-chair-fresh-cyan,,,,,,,,Rubber cyan - 9gv-2ow,,,,,"",53,shopify,26,deny,manual,272.00,,true,true,,,,,,,,,,,,,,,,,,,,,,g,
object-based-fundamental-small-cotton-car,Object-based Fundamental Small Cotton Car,Aut cum nobis molestias veniam amet. Recusandae et id. Quo et voluptas. Voluptas deserunt aut voluptate dolorem tempora similique facilis.,King and Sons,Toys,data-generator,true,Title,Concrete olive - 6o2-vee,,,,,"",151,shopify,18,deny,manual,42.00,,true,true,,,,,false,,,,,,,,,,,,,,,,,g,
object-based-fundamental-small-cotton-car,,,,,,,,Concrete indigo - njb-cbj,,,,,"",0,shopify,50,deny,manual,230.00,,false,true,,,,,,,,,,,,,,,,,,,,,,g,
diverse-tasty-rubber-ball,Diverse Tasty Rubber Ball,Consequuntur nihil in. Rerum aperiam deleniti velit qui quasi maxime. Consequatur non dolor vero fuga non ex sequi. Dolores quis in maxime repellat architecto tempora soluta qui. Impedit aut quam placeat id ut nihil.,Bernier - Boyer,Shoes,data-generator,true,Title,Fresh silver - u3a-4x5,,,,,"",0,shopify,48,deny,manual,33.00,,false,true,,,,,false,,,,,,,,,,,,,,,,,g,
diverse-tasty-rubber-ball,,,,,,,,Granite salmon - w31-so8,,,,,"",280,shopify,4,deny,manual,241.00,,true,true,,,,,,,,,,,,,,,,,,,,,,g,
diverse-tasty-rubber-ball,,,,,,,,Fresh sky blue - ax6-i0o,,,,,"",0,shopify,23,deny,manual,198.00,,false,true,,,,,,,,,,,,,,,,,,,,,,g,
sharable-secured-generic-concrete-chicken-metal-orange,Sharable Secured Generic Concrete Chicken - Metal orange,Doloribus animi rerum. Voluptates qui est sed unde vel. Sed eos tenetur non illum. Eligendi debitis cumque est similique.,Denesik - Kling,Shoes,data-generator,true,Title,Concrete lavender - dlu-5gy,,,,,"",0,shopify,47,deny,manual,40.00,,false,true,,https://cdn.shopify.com/s/files/1/0019/4668/1410/products/crescent-moon-pose-side-stretch.jpg?v=1529421101,1,,false,,,,,,,,,,,,,,,,,g,
sharable-secured-generic-concrete-chicken-metal-orange,,,,,,,,Cotton pink - yws-yqf,,,,,"",365,shopify,23,deny,manual,250.00,,true,true,,,,,,,,,,,,,,,,,,,,,,g,
sharable-secured-generic-concrete-chicken-metal-orange,,,,,,,,Cotton yellow - dsv-2ln,,,,,"",274,shopify,45,deny,manual,185.00,,true,true,,,,,,,,,,,,,,,,,,,,,,g,
expanded-progressive-gorgeous-steel-pants-granite-black,Expanded Progressive Gorgeous Steel Pants - Granite black,Adipisci et omnis dolores iste excepturi. Nisi minima maxime ipsam ea mollitia dignissimos est corporis. Dolores itaque minima asperiores porro sed. Ea nesciunt aut et fugit architecto. Est neque ab. A molestiae suscipit eius sed occaecati ut et.,McLaughlin - Rath,Jewelery,data-generator,true,Title,Fresh orchid - 58d-zkw,,,,,"",0,shopify,24,deny,manual,274.00,,false,true,,https://cdn.shopify.com/s/files/1/0019/4668/1410/products/choker-with-bead.jpg?v=1529421101,1,,false,,,,,,,,,,,,,,,,,g,
expanded-progressive-gorgeous-steel-pants-granite-black,,,,,,,,Concrete blue - uwr-lon,,,,,"",0,shopify,7,deny,manual,214.00,,false,true,,,,,,,,,,,,,,,,,,,,,,g,
expanded-progressive-gorgeous-steel-pants-granite-black,,,,,,,,Fresh pink - 1hf-bwb,,,,,"",420,shopify,7,deny,manual,62.00,,true,true,,,,,,,,,,,,,,,,,,,,,,g,
visionary-cross-platform-gorgeous-metal-table-rubber-olive,Visionary Cross-platform Gorgeous Metal Table - Rubber olive,Sequi voluptatem sit voluptatibus. Aut aut voluptatem maxime consequatur. Aliquam perspiciatis eum doloribus pariatur corporis corporis. Assumenda veritatis debitis animi amet iste porro nemo ipsam. Ea qui reiciendis quisquam voluptates sint.,Flatley - Hand,Books,data-generator,true,Title,Cotton magenta - 7ei-ay0,,,,,"",0,shopify,24,deny,manual,81.00,,false,true,,https://cdn.shopify.com/s/files/1/0019/4668/1410/products/strawberry-pin-on-jean-jacket.jpg?v=1529421101,1,,false,,,,,,,,,,,,,,,,,g,
visionary-cross-platform-gorgeous-metal-table-rubber-olive,,,,,,,,Frozen white - qwc-1ef,,,,,"",423,shopify,17,deny,manual,115.00,,true,true,,,,,,,,,,,,,,,,,,,,,,g,
visionary-cross-platform-gorgeous-metal-table-rubber-olive,,,,,,,,Concrete magenta - 5m4-5n9,,,,,"",52,shopify,17,deny,manual,20.00,,true,true,,,,,,,,,,,,,,,,,,,,,,g,
operative-tasty-frozen-shoes,Operative Tasty Frozen Shoes,Odio voluptatem voluptate ut recusandae nostrum. Eius et eveniet architecto illo voluptates ullam est deserunt nemo. Quisquam dolor architecto porro molestiae aut adipisci velit fuga beatae.,Johns - Lind,Games,data-generator,true,Title,Metal black - f79-qlt,,,,,"",423,shopify,27,deny,manual,241.00,,true,true,,https://cdn.shopify.com/s/files/1/0019/4668/1410/products/yoga-mat-closeup.jpg?v=1529421101,1,,false,,,,,,,,,,,,,,,,,g,
operative-tasty-frozen-shoes,,,,,,,,Steel fuchsia - 51t-r9v,,,,,"",0,shopify,8,deny,manual,26.00,,false,true,,,,,,,,,,,,,,,,,,,,,,g,
operative-tasty-frozen-shoes,,,,,,,,Fresh pink - 3ra-dd3,,,,,"",0,shopify,40,deny,manual,207.00,,false,true,,,,,,,,,,,,,,,,,,,,,,g,
polarised-reduced-gorgeous-fresh-gloves,Polarised Reduced Gorgeous Fresh Gloves,Itaque eaque cum sint assumenda omnis neque blanditiis fuga. Aut quis quis. Repellendus exercitationem aut aut nesciunt quibusdam nihil.,Prosacco Group,Music,data-generator,true,Title,Metal silver - l56-bpr,,,,,"",0,shopify,35,deny,manual,266.00,,false,true,,https://cdn.shopify.com/s/files/1/0019/4668/1410/products/dog-bandana.jpg?v=1529421101,1,,false,,,,,,,,,,,,,,,,,g,
polarised-reduced-gorgeous-fresh-gloves,,,,,,,,Cotton purple - z81-9ph,,,,,"",0,shopify,13,deny,manual,111.00,,false,true,,,,,,,,,,,,,,,,,,,,,,g,
fundamental-adaptive-awesome-plastic-keyboard-soft-fuchsia,Fundamental Adaptive Awesome Plastic Keyboard - Soft fuchsia,Aut maiores voluptates minima velit voluptas voluptas molestiae nihil at. Provident et aut aliquam. Aut atque minus amet vel. Porro deserunt voluptas est. Ea numquam est iste perspiciatis et accusantium distinctio. Minus distinctio voluptate quo qui quos labore.,Schultz LLC,Toys,data-generator,true,Title,Plastic orchid - ivm-hdr,,,,,"",0,shopify,42,deny,manual,25.00,,false,true,,https://cdn.shopify.com/s/files/1/0019/4668/1410/products/homemade-lip-balm.jpg?v=1529421101,1,,false,,,,,,,,,,,,,,,,,g,
fundamental-adaptive-awesome-plastic-keyboard-soft-fuchsia,,,,,,,,Fresh red - i6t-aj7,,,,,"",415,shopify,20,deny,manual,173.00,,true,true,,,,,,,,,,,,,,,,,,,,,,g,
fundamental-adaptive-awesome-plastic-keyboard-soft-fuchsia,,,,,,,,Metal plum - z7y-hq5,,,,,"",163,shopify,5,deny,manual,144.00,,true,true,,,,,,,,,,,,,,,,,,,,,,g,
object-based-handmade-plastic-hat-concrete-cyan,Object-based Handmade Plastic Hat - Concrete cyan,Deleniti aut numquam occaecati quibusdam rem dolores sed deserunt facilis. Autem delectus non reprehenderit dolor. Ut quos est quaerat voluptatem nihil. Tempore eum soluta quam. Vel sunt eveniet amet voluptas. Laboriosam ea praesentium.,Beahan Group,Beauty,data-generator,true,Title,Plastic lavender - a69-zmq,,,,,"",0,shopify,11,deny,manual,167.00,,false,true,,https://cdn.shopify.com/s/files/1/0019/4668/1410/products/patterned-bangle.jpg?v=1529421101,1,,false,,,,,,,,,,,,,,,,,g,
object-based-handmade-plastic-hat-concrete-cyan,,,,,,,,Soft tan - ff9-ogp,,,,,"",0,shopify,27,deny,manual,181.00,,false,true,,,,,,,,,,,,,,,,,,,,,,g,
focused-intelligent-granite-shirt,Focused Intelligent Granite Shirt,Voluptate excepturi vero quidem. Repudiandae mollitia maxime nisi. Labore minima et impedit sed. Earum harum dolor doloribus consequatur. Excepturi consequatur laboriosam repellendus dolorum velit sapiente magnam eligendi neque. Iure eveniet omnis ut soluta.,"Connelly, Zulauf and Kuhlman",Health,data-generator,true,Title,Frozen silver - 6qn-rhy,,,,,"",306,shopify,49,deny,manual,195.00,,true,true,,https://cdn.shopify.com/s/files/1/0019/4668/1410/products/iphone-6-flower-case.jpg?v=1529421101,1,,false,,,,,,,,,,,,,,,,,g,
quality-focused-awesome-steel-computer-fresh-indigo,Quality-focused Awesome Steel Computer - Fresh indigo,Facere sed aspernatur reprehenderit consequatur error et nostrum voluptas. Itaque est debitis alias corrupti voluptate impedit nulla ducimus. Hic doloribus voluptas vitae velit esse voluptatibus. Ea voluptates et id sapiente quibusdam id. Soluta unde earum earum sit id rerum consectetur. Eveniet sequi autem.,Connelly - Ledner,Electronics,data-generator,true,Title,Concrete magenta - ghv-8cl,,,,,"",0,shopify,12,deny,manual,226.00,,false,true,,https://cdn.shopify.com/s/files/1/0019/4668/1410/products/babys-ear-closeup.jpg?v=1529421101,1,,false,,,,,,,,,,,,,,,,,g,
quality-focused-awesome-steel-computer-fresh-indigo,,,,,,,,Rubber violet - j87-v9a,,,,,"",0,shopify,2,deny,manual,99.00,,false,true,,,,,,,,,,,,,,,,,,,,,,g,
quality-focused-awesome-steel-computer-fresh-indigo,,,,,,,,Granite cyan - xhr-uo7,,,,,"",0,shopify,22,deny,manual,71.00,,false,true,,,,,,,,,,,,,,,,,,,,,,g,
secured-licensed-metal-sausages,Secured Licensed Metal Sausages,Deleniti soluta velit. Et eos dolores corrupti. Nam repellat aliquam nulla nihil assumenda tempora illum ipsa.,Kuvalis - King,Beauty,data-generator,true,Title,Rubber olive - niv-sbr,,,,,"",288,shopify,17,deny,manual,47.00,,true,true,,https://cdn.shopify.com/s/files/1/0019/4668/1410/products/mini-drone-helicopter.jpg?v=1529421101,1,,false,,,,,,,,,,,,,,,,,g,
secured-licensed-metal-sausages,,,,,,,,Concrete cyan - k01-86z,,,,,"",17,shopify,36,deny,manual,29.00,,true,true,,,,,,,,,,,,,,,,,,,,,,g,
integrated-rustic-soft-shoes,Integrated Rustic Soft Shoes,Corporis tenetur itaque aut. Quos qui quo nulla consequuntur. Optio eius mollitia molestiae autem. Excepturi aperiam sed velit error accusantium enim tempora velit. Repellendus dolore et qui architecto aut alias earum temporibus. Veniam rem dolor assumenda saepe tenetur.,Wiegand - Waelchi,Games,data-generator,true,Title,Frozen green - b9m-6a8,,,,,"",448,shopify,20,deny,manual,122.00,,true,true,,https://cdn.shopify.com/s/files/1/0019/4668/1410/products/iphone-volume-control-headphones.jpg?v=1529421101,1,,false,,,,,,,,,,,,,,,,,g,
integrated-rustic-soft-shoes,,,,,,,,Fresh lime - 1fd-epe,,,,,"",468,shopify,17,deny,manual,84.00,,true,true,,,,,,,,,,,,,,,,,,,,,,g,
integrated-rustic-soft-shoes,,,,,,,,Metal maroon - hvs-t2c,,,,,"",0,shopify,13,deny,manual,75.00,,false,true,,,,,,,,,,,,,,,,,,,,,,g,
enhanced-face-to-face-refined-granite-bike,Enhanced Face to face Refined Granite Bike,Quia vel soluta soluta aliquam voluptatem molestiae dolorem ea voluptatem. Qui et quae sapiente recusandae repudiandae deleniti. Debitis non nulla officiis. Id amet quo assumenda enim ex.,Crooks - Nader,Books,data-generator,true,Title,Concrete maroon - 2xf-md8,,,,,"",448,shopify,22,deny,manual,262.00,,true,true,,,,,false,,,,,,,,,,,,,,,,,g,
enhanced-face-to-face-refined-granite-bike,,,,,,,,Steel ivory - p5w-rly,,,,,"",404,shopify,29,deny,manual,86.00,,true,true,,,,,,,,,,,,,,,,,,,,,,g,
cross-group-persevering-handcrafted-wooden-sausages-frozen-gold,Cross-group Persevering Handcrafted Wooden Sausages - Frozen gold,Architecto cum perspiciatis vero consectetur velit et qui. Nostrum sequi sint ullam quia aut id ut quia id. Ex ab nesciunt omnis blanditiis quibusdam a accusantium. Et quia maxime libero. Quasi atque et cum. Est sed voluptatem a delectus.,Green - Hirthe,Toys,data-generator,true,Title,Cotton tan - 6wr-n11,,,,,"",0,shopify,29,deny,manual,179.00,,false,true,,https://cdn.shopify.com/s/files/1/0019/4668/1410/products/woman-meditating-hip-opener.jpg?v=1529421101,1,,false,,,,,,,,,,,,,,,,,g,
cross-group-persevering-handcrafted-wooden-sausages-frozen-gold,,,,,,,,Plastic orange - iid-j1q,,,,,"",0,shopify,8,deny,manual,242.00,,false,true,,,,,,,,,,,,,,,,,,,,,,g,
profit-focused-tasty-fresh-ball-soft-lime,Profit-focused Tasty Fresh Ball - Soft lime,Quia dolorum nesciunt aut expedita quibusdam dolor hic ullam. Sed voluptas et optio molestiae. Corrupti enim sunt sed nostrum eum. Ab aliquid voluptate sunt. Vitae rerum ut iure voluptatem. Inventore doloribus ut saepe asperiores consequatur temporibus nisi.,Deckow - Cormier,Computers,data-generator,true,Title,Rubber gold - 8nj-tvj,,,,,"",369,shopify,3,deny,manual,188.00,,true,true,,https://cdn.shopify.com/s/files/1/0019/4668/1410/products/dogs-wearing-bandanas.jpg?v=1529421101,1,,false,,,,,,,,,,,,,,,,,g,
profit-focused-tasty-fresh-ball-soft-lime,,,,,,,,Cotton grey - wqj-fts,,,,,"",221,shopify,25,deny,manual,255.00,,true,true,,,,,,,,,,,,,,,,,,,,,,g,
profit-focused-tasty-fresh-ball-soft-lime,,,,,,,,Concrete grey - uqg-y39,,,,,"",0,shopify,20,deny,manual,72.00,,false,true,,,,,,,,,,,,,,,,,,,,,,g,
persevering-rustic-concrete-shirt-plastic-black,Persevering Rustic Concrete Shirt - Plastic black,Est reiciendis provident cupiditate aperiam recusandae eaque fugit sit. Commodi delectus consequuntur. Quia recusandae ut veritatis neque et qui eveniet aut. Tempore rem facilis assumenda voluptatem velit consequatur laboriosam sed. Officiis eum assumenda occaecati cupiditate. Iste et rerum nobis magnam.,Kub - Hilpert,Electronics,data-generator,true,Title,Soft orange - 1ou-unj,,,,,"",464,shopify,43,deny,manual,209.00,,true,true,,https://cdn.shopify.com/s/files/1/0019/4668/1410/products/purple-yoga-blocks.jpg?v=1529421100,1,,false,,,,,,,,,,,,,,,,,g,
persevering-rustic-concrete-shirt-plastic-black,,,,,,,,Rubber grey - p8d-6sb,,,,,"",0,shopify,17,deny,manual,263.00,,false,true,,,,,,,,,,,,,,,,,,,,,,g,
compatible-incredible-cotton-keyboard,Compatible Incredible Cotton Keyboard,Exercitationem impedit quo. Sunt qui sunt alias consequatur suscipit blanditiis cum repellat maiores. Quibusdam a quibusdam ratione sit architecto cupiditate veritatis sequi.,"Bechtelar, Mraz and Baumbach",Outdoors,data-generator,true,Title,Cotton tan - w5v-fgq,,,,,"",0,shopify,24,deny,manual,140.00,,false,true,,,,,false,,,,,,,,,,,,,,,,,g,
compatible-incredible-cotton-keyboard,,,,,,,,Soft lavender - 0z4-p5m,,,,,"",487,shopify,34,deny,manual,154.00,,true,true,,,,,,,,,,,,,,,,,,,,,,g,
visionary-unbranded-metal-shoes,Visionary Unbranded Metal Shoes,Ullam reprehenderit velit odio modi ut id nihil in minus. Velit aut labore sed itaque. Quidem illum veritatis quia atque tempora ut et quia. Consequatur quisquam consectetur dolore tempore repudiandae quo.,Balistreri Inc,Grocery,data-generator,true,Title,Steel sky blue - 8nx-w3e,,,,,"",0,shopify,34,deny,manual,164.00,,false,true,,https://cdn.shopify.com/s/files/1/0019/4668/1410/products/back-of-hotdog-pin.jpg?v=1529421100,1,,false,,,,,,,,,,,,,,,,,g,
visionary-unbranded-metal-shoes,,,,,,,,Wooden yellow - lmx-tq2,,,,,"",72,shopify,2,deny,manual,284.00,,true,true,,,,,,,,,,,,,,,,,,,,,,g,
visionary-unbranded-metal-shoes,,,,,,,,Cotton magenta - u4q-y31,,,,,"",0,shopify,48,deny,manual,75.00,,false,true,,,,,,,,,,,,,,,,,,,,,,g,
digitized-reduced-fantastic-metal-chair-plastic-plum,Digitized Reduced Fantastic Metal Chair - Plastic plum,Illo assumenda repellat beatae ipsam nobis. Minima dolor accusantium. Eveniet quasi pariatur neque eius at ipsa quis ullam quia. Impedit cum quidem autem. Sed debitis voluptatem illo velit similique ipsam et dolore. Et porro minus et velit sit laboriosam.,Hoeger LLC,Tools,data-generator,true,Title,Plastic cyan - gk3-q9t,,,,,"",0,shopify,19,deny,manual,249.00,,false,true,,https://cdn.shopify.com/s/files/1/0019/4668/1410/products/hotdog-hard-enamel-lapel-pin.jpg?v=1529421100,1,,false,,,,,,,,,,,,,,,,,g,
digitized-reduced-fantastic-metal-chair-plastic-plum,,,,,,,,Soft orange - gp1-q41,,,,,"",0,shopify,47,deny,manual,169.00,,false,true,,,,,,,,,,,,,,,,,,,,,,g,
mandatory-licensed-rubber-mouse-soft-black,Mandatory Licensed Rubber Mouse - Soft black,Facilis voluptates nostrum voluptatum dolore doloribus laboriosam similique rerum. Est iusto officiis omnis sint. Voluptatibus sit hic laboriosam recusandae dolor at rerum.,Rodriguez - Collier,Home,data-generator,true,Title,Wooden sky blue - 0ad-tq4,,,,,"",302,shopify,28,deny,manual,75.00,,true,true,,,,,false,,,,,,,,,,,,,,,,,g,
mandatory-licensed-rubber-mouse-soft-black,,,,,,,,Soft turquoise - 9tv-39v,,,,,"",0,shopify,3,deny,manual,219.00,,false,true,,,,,,,,,,,,,,,,,,,,,,g,
mandatory-licensed-rubber-mouse-soft-black,,,,,,,,Fresh azure - z9m-3wr,,,,,"",0,shopify,47,deny,manual,45.00,,false,true,,,,,,,,,,,,,,,,,,,,,,g,
vision-oriented-handcrafted-granite-bike-granite-sky-blue,Vision-oriented Handcrafted Granite Bike - Granite sky blue,At veritatis pariatur veritatis laudantium quia. Accusamus illum iure est autem id aut eaque. Maxime nisi quia et. Architecto maxime vero totam ratione ad temporibus aspernatur. Itaque ducimus dolores voluptates.,Schuster - Halvorson,Electronics,data-generator,true,Title,Steel blue - dlt-opl,,,,,"",192,shopify,7,deny,manual,261.00,,true,true,,https://cdn.shopify.com/s/files/1/0019/4668/1410/products/black-white-grunge-iphone-6-case__1.jpg?v=1529421100,1,,false,,,,,,,,,,,,,,,,,g,
vision-oriented-handcrafted-granite-bike-granite-sky-blue,,,,,,,,Wooden teal - s7z-0ad,,,,,"",139,shopify,32,deny,manual,282.00,,true,true,,,,,,,,,,,,,,,,,,,,,,g,
vision-oriented-handcrafted-granite-bike-granite-sky-blue,,,,,,,,Granite purple - i36-qhi,,,,,"",183,shopify,26,deny,manual,163.00,,true,true,,,,,,,,,,,,,,,,,,,,,,g,
switchable-upgradable-generic-frozen-chair-fresh-mint-green,Switchable Upgradable Generic Frozen Chair - Fresh mint green,Rerum quis modi. Soluta nam qui quo ratione similique a rerum dolorem. Accusamus tenetur delectus optio est voluptates blanditiis repellendus sit nemo. Et sapiente aspernatur assumenda. Sint sed facilis sed rerum possimus. Excepturi error voluptatem modi sequi.,Schamberger LLC,Home,data-generator,true,Title,Soft tan - hwu-6ii,,,,,"",484,shopify,14,deny,manual,255.00,,true,true,,,,,false,,,,,,,,,,,,,,,,,g,
multi-lateral-handmade-wooden-sausages-concrete-gold,Multi-lateral Handmade Wooden Sausages - Concrete gold,Deleniti qui voluptatibus dolorem. Doloremque assumenda sed doloribus aut iusto provident accusantium est non. Id accusamus atque adipisci id qui aut velit eos. Repellendus sunt nam tempora.,"Schoen, Rutherford and Gleason",Baby,data-generator,true,Title,Steel tan - p3o-hxs,,,,,"",422,shopify,50,deny,manual,130.00,,true,true,,,,,false,,,,,,,,,,,,,,,,,g,
streamlined-open-source-ergonomic-rubber-chips,Streamlined Open-source Ergonomic Rubber Chips,Non necessitatibus et quibusdam eos rerum. Tenetur quia voluptatum similique. Voluptas laudantium et ipsam tempore deleniti ullam dignissimos omnis. In earum qui est accusamus omnis itaque quia.,"Hills, Thompson and Haag",Jewelery,data-generator,true,Title,Granite pink - anl-uy6,,,,,"",305,shopify,0,deny,manual,264.00,,true,true,,,,,false,,,,,,,,,,,,,,,,,g,
streamlined-open-source-ergonomic-rubber-chips,,,,,,,,Cotton salmon - 4m1-f6y,,,,,"",0,shopify,45,deny,manual,189.00,,false,true,,,,,,,,,,,,,,,,,,,,,,g,
up-sized-total-rustic-granite-sausages-frozen-pink,Up-sized Total Rustic Granite Sausages - Frozen pink,Ea culpa enim non aspernatur non sed. Quia praesentium fuga suscipit excepturi. Aut quas eaque accusantium quia. In non quis facere quia similique id. Repellendus consequatur id perspiciatis quisquam ab neque. Consequuntur ab rem.,Parisian Inc,Movies,data-generator,true,Title,Cotton olive - g87-x6m,,,,,"",0,shopify,15,deny,manual,129.00,,false,true,,,,,false,,,,,,,,,,,,,,,,,g,
up-sized-total-rustic-granite-sausages-frozen-pink,,,,,,,,Wooden pink - qun-ld1,,,,,"",0,shopify,37,deny,manual,284.00,,false,true,,,,,,,,,,,,,,,,,,,,,,g,
total-synergized-handcrafted-frozen-chair-metal-lime,Total Synergized Handcrafted Frozen Chair - Metal lime,Quas aut rerum maiores officia ea. Sit repellendus quis harum sit. Sed excepturi voluptatem est in explicabo sint id. Est modi adipisci beatae quod.,"Gislason, Kling and Pollich",Beauty,data-generator,true,Title,Granite gold - eh9-gka,,,,,"",0,shopify,19,deny,manual,19.00,,false,true,,,,,false,,,,,,,,,,,,,,,,,g,
total-synergized-handcrafted-frozen-chair-metal-lime,,,,,,,,Frozen magenta - 1wh-5fe,,,,,"",0,shopify,47,deny,manual,221.00,,false,true,,,,,,,,,,,,,,,,,,,,,,g,
configurable-exclusive-ergonomic-steel-gloves,Configurable Exclusive Ergonomic Steel Gloves,Exercitationem tempora minima fuga dignissimos autem labore. Laboriosam esse ea officiis alias cupiditate. Minima laudantium ea officiis. Recusandae tempora et. Id consequuntur consequuntur asperiores asperiores in veniam qui fugiat omnis.,Waelchi Group,Music,data-generator,true,Title,Steel lime - c6s-c86,,,,,"",0,shopify,44,deny,manual,97.00,,false,true,,,,,false,,,,,,,,,,,,,,,,,g,
configurable-exclusive-ergonomic-steel-gloves,,,,,,,,Plastic yellow - khr-0jd,,,,,"",487,shopify,43,deny,manual,156.00,,true,true,,,,,,,,,,,,,,,,,,,,,,g,
configurable-exclusive-ergonomic-steel-gloves,,,,,,,,Frozen mint green - 73m-q4t,,,,,"",482,shopify,28,deny,manual,117.00,,true,true,,,,,,,,,,,,,,,,,,,,,,g,
advanced-stand-alone-rustic-rubber-chair-cotton-tan,Advanced Stand-alone Rustic Rubber Chair - Cotton tan,Quo similique odit omnis aut quia reprehenderit. Animi vel qui dignissimos magnam. Accusantium voluptas sunt perferendis voluptatem voluptas eum. Eos exercitationem quisquam nihil libero magnam. Consectetur corporis exercitationem ea id asperiores.,"Hauck, Gleichner and Windler",Kids,data-generator,true,Title,Frozen tan - 4ol-89y,,,,,"",0,shopify,7,deny,manual,41.00,,false,true,,,,,false,,,,,,,,,,,,,,,,,g,
synergized-intelligent-rubber-bike,Synergized Intelligent Rubber Bike,Placeat molestiae consequatur. Hic nesciunt veniam. Amet soluta ex praesentium impedit nihil est. Recusandae sit veniam perspiciatis ut aperiam doloribus. Ab quia in.,Walsh - Waters,Toys,data-generator,true,Title,Steel orchid - 3qw-z2e,,,,,"",0,shopify,40,deny,manual,223.00,,false,true,,,,,false,,,,,,,,,,,,,,,,,g,
synergized-intelligent-rubber-bike,,,,,,,,Cotton blue - by7-9rp,,,,,"",0,shopify,44,deny,manual,256.00,,false,true,,,,,,,,,,,,,,,,,,,,,,g,
synergized-intelligent-rubber-bike,,,,,,,,Plastic teal - f5z-j50,,,,,"",403,shopify,14,deny,manual,191.00,,true,true,,,,,,,,,,,,,,,,,,,,,,g,
reverse-engineered-intelligent-plastic-soap,Reverse-engineered Intelligent Plastic Soap,Sequi dignissimos ipsa cum eum veritatis aliquam explicabo nobis. Dicta error deserunt nihil voluptatum. Consequatur qui itaque ut illo dignissimos et dolores. Modi vitae sunt soluta labore rerum velit commodi eos tempora.,Pacocha - Bosco,Health,data-generator,true,Title,Soft mint green - 539-loy,,,,,"",0,shopify,47,deny,manual,136.00,,false,true,,,,,false,,,,,,,,,,,,,,,,,g,
automated-incredible-wooden-mouse-fresh-white,Automated Incredible Wooden Mouse - Fresh white,Architecto maiores corporis et nihil voluptates maiores ut. Qui in et sit. Recusandae culpa voluptatem nulla ipsum voluptas ut deserunt eos. Consequuntur libero soluta qui doloribus quam et. Id et quis.,Huels LLC,Computers,data-generator,true,Title,Steel grey - qiv-jjl,,,,,"",112,shopify,42,deny,manual,132.00,,true,true,,https://cdn.shopify.com/s/files/1/0019/4668/1410/products/baby-shoes.jpg?v=1529421100,1,,false,,,,,,,,,,,,,,,,,g,
automated-incredible-wooden-mouse-fresh-white,,,,,,,,Concrete turquoise - h08-1nb,,,,,"",0,shopify,4,deny,manual,138.00,,false,true,,,,,,,,,,,,,,,,,,,,,,g,
automated-incredible-wooden-mouse-fresh-white,,,,,,,,Concrete azure - 4a9-zy7,,,,,"",405,shopify,30,deny,manual,167.00,,true,true,,,,,,,,,,,,,,,,,,,,,,g,
profit-focused-awesome-cotton-soap-metal-white,Profit-focused Awesome Cotton Soap - Metal white,Consequatur eum iure in. Molestiae consequatur similique. Animi assumenda perspiciatis est dolore maiores perspiciatis ipsam quia. Qui sed ipsa explicabo dicta et minus culpa quia aut.,Stehr Group,Outdoors,data-generator,true,Title,Metal maroon - ouj-phf,,,,,"",0,shopify,48,deny,manual,91.00,,false,true,,,,,false,,,,,,,,,,,,,,,,,g,
profit-focused-awesome-cotton-soap-metal-white,,,,,,,,Fresh violet - 1nn-rjp,,,,,"",170,shopify,13,deny,manual,36.00,,true,true,,,,,,,,,,,,,,,,,,,,,,g,
profit-focused-awesome-cotton-soap-metal-white,,,,,,,,Rubber tan - uup-u6b,,,,,"",89,shopify,10,deny,manual,152.00,,true,true,,,,,,,,,,,,,,,,,,,,,,g,
enterprise-wide-ergonomic-wooden-tuna-wooden-green,Enterprise-wide Ergonomic Wooden Tuna - Wooden green,Quo aut fugiat qui sunt ut omnis. Quis ut dignissimos dolorem deserunt est quis odit. Incidunt ea maiores dolore ab minima dolorum amet quia. Officiis nesciunt qui. Sit alias dolor et quaerat eos.,Morissette - Donnelly,Music,data-generator,true,Title,Granite purple - 21o-eh0,,,,,"",0,shopify,1,deny,manual,195.00,,false,true,,,,,false,,,,,,,,,,,,,,,,,g,
enterprise-wide-ergonomic-wooden-tuna-wooden-green,,,,,,,,Frozen magenta - ncd-h3l,,,,,"",0,shopify,0,deny,manual,215.00,,false,true,,,,,,,,,,,,,,,,,,,,,,g,
enterprise-wide-ergonomic-wooden-tuna-wooden-green,,,,,,,,Metal grey - nyk-w8r,,,,,"",343,shopify,27,deny,manual,217.00,,true,true,,,,,,,,,,,,,,,,,,,,,,g,
automated-sharable-small-concrete-gloves,Automated Sharable Small Concrete Gloves,Sit earum maxime perferendis sed quaerat voluptate impedit. Numquam possimus quia provident molestiae laboriosam officia reiciendis odit. Dolore culpa corrupti corporis autem voluptatem occaecati. Non aut vero voluptatem tempora quam.,"Mraz, Ullrich and Monahan",Outdoors,data-generator,true,Title,Plastic lavender - 1uu-0vo,,,,,"",0,shopify,7,deny,manual,62.00,,false,true,,,,,false,,,,,,,,,,,,,,,,,g,
automated-sharable-small-concrete-gloves,,,,,,,,Fresh green - yl7-ao6,,,,,"",0,shopify,27,deny,manual,42.00,,false,true,,,,,,,,,,,,,,,,,,,,,,g,
automated-sharable-small-concrete-gloves,,,,,,,,Granite plum - i6i-jgc,,,,,"",300,shopify,7,deny,manual,211.00,,true,true,,,,,,,,,,,,,,,,,,,,,,g,
product-with-variants,Product with Size Variants,"",redhIO,Product Demo,"",true,Size,Small,,,,,p-sm,0,,1,deny,manual,5.00,,true,true,"",https://cdn.shopify.com/s/files/1/0019/4668/1410/products/P.png?v=1528493037,1,,false,,,,,,,,,,,,,,,,https://cdn.shopify.com/s/files/1/0019/4668/1410/products/S.png?v=1528493037,kg,
product-with-variants,,,,,,,,Medium,,,,,p-md,0,,0,deny,manual,7.50,,true,true,"",https://cdn.shopify.com/s/files/1/0019/4668/1410/products/S.png?v=1528493037,2,,,,,,,,,,,,,,,,,,https://cdn.shopify.com/s/files/1/0019/4668/1410/products/M.png?v=1528493037,kg,
product-with-variants,,,,,,,,Large,,,,,p-lg,0,,0,deny,manual,10.00,,true,true,"",https://cdn.shopify.com/s/files/1/0019/4668/1410/products/M.png?v=1528493037,3,,,,,,,,,,,,,,,,,,https://cdn.shopify.com/s/files/1/0019/4668/1410/products/L.png?v=1528493037,kg,
product-with-variants,,,,,,,,,,,,,,,,,,,,,,,,https://cdn.shopify.com/s/files/1/0019/4668/1410/products/L.png?v=1528493037,4,,,,,,,,,,,,,,,,,,,,
burton-custom-freestyle-152,Burton Custom Freestyle 151,<strong>Good snowboard!</strong>,Burton,Snowboard,"",true,Title,Default Title,,,,,"",0,,1,deny,manual,0.00,,true,true,,,,,false,,,,,,,,,,,,,,,,,kg,
burton-custom-freestyle-151,Burton Custom Freestyle 151,<strong>Good snowboard!</strong>,Burton,Snowboard,"",true,Title,Default Title,,,,,"",0,,1,deny,manual,0.00,,true,true,,,,,false,,,,,,,,,,,,,,,,,kg,
machine-learning2,Machine Learning2,<strong>AI!</strong>,redhIO,model,"",true,Title,Default Title,,,,,"",0,,1,deny,manual,0.00,,true,true,,,,,false,,,,,,,,,,,,,,,,,kg,
product-bundling-model-policy-iteration-markov,Product Bundling Model (Markov) @ $ per result,"<p>This model provides real-time product bundles to your customers! No manually building promotion offers.</p>
<p>Deploy in your Shopify store to take the guesswork out of promos!</p>
<p>Technical Details:</p>
<p>Uses Markov value interation algorithm to optimize for the optimal policy (can be high or low).</p>",redhIO,Markov,"",true,Title,Default Title,,,,,mk-price,0,,1,deny,manual,0.15,,true,true,"",https://cdn.shopify.com/s/files/1/0019/4668/1410/products/Markov_Decision_Process.svg_283fce82-7065-4758-b8f3-6e68673341b6.png?v=1526607051,1,,false,,,,,,,,,,,,,,,,,kg,
product-bundling-model-policy-iteration-markov,,,,,,,,,,,,,,,,,,,,,,,,https://cdn.shopify.com/s/files/1/0019/4668/1410/products/images_f127259d-bf4b-422d-8477-d23837c7422b.png?v=1526607051,2,,,,,,,,,,,,,,,,,,,,
dynamic-pricing-model-value-iteration-markov,Dynamic Pricing Model (Markov) @ $ per result,"<p>This model will optimize the pricing between 3 products to identify the ""best"" price for the product you want to sell. </p>
<p>Deploy in your Shopify store to take the guesswork out of pricing!</p>
<p>Technical Details:</p>
<p>Uses Markov value interation algorithm to optimize for the optimal value (can be high or low).</p>",redhIO,Markov,"",true,Title,Default Title,,,,,mk-price,0,,1,deny,manual,0.07,,true,true,"",https://cdn.shopify.com/s/files/1/0019/4668/1410/products/Markov_Decision_Process.svg_616cff0e-f9ff-43cc-8faf-1e6bfcbe48ea.png?v=1526606933,1,,false,,,,,,,,,,,,,,,,,kg,
dynamic-pricing-model-value-iteration-markov,,,,,,,,,,,,,,,,,,,,,,,,https://cdn.shopify.com/s/files/1/0019/4668/1410/products/images.png?v=1526606960,2,,,,,,,,,,,,,,,,,,,,
image-recognition-based-on-exception-cases-tensorflow,Image recognition based on exception cases (TensorFlow) @ $ per result,An inverse recognition model for identifying what is NOT an image.  Fantastic for automation applications where categorization depends on object not being like the others (such as we want all invoice that are NOT paid).,redhIO,Tensor,"",true,Title,Default Title,,,,,ten-except,0,,1,deny,manual,0.45,,true,true,"",https://cdn.shopify.com/s/files/1/0019/4668/1410/products/machine_learning_31acc3c1-1fb0-4087-9a43-ec0ab078e1ed.jpg?v=1526606611,1,,false,,,,,,,,,,,,,,,,,kg,
learning-shape-recognition-for-data-imports-densenet,Learning shape recognition for data imports (DenseNet) @ $ per result,"<p>A pre-trained model for object detection using the basic google image library.</p>
<p>DenseNet model.  Fantastic for identifying similar shapes in new formats as would be encountered in data imports. </p>
<p>See our example here:</p>
<p>****</p>
<p><span>This model is available for both the Theano and TensorFlow backend, and can be built both with </span><code>'channels_first'</code><span>data format (channels, height, width) or </span><code>'channels_last'</code><span> data format (height, width, channels).</span></p>
<p>https://keras.io/applications/#densenet</p>",redhIO,Keras,"",true,Title,Default Title,,,,,ker-dense,0,,1,deny,manual,0.04,,true,true,"",https://cdn.shopify.com/s/files/1/0019/4668/1410/products/machine_learning_33520d2a-4d29-4cde-a0c1-8c6ffe3cb824.jpg?v=1526606428,1,,false,,,,,,,,,,,,,,,,,kg,
portable-efficient-shape-recognition-mobilenet,Portable & Efficient Shape Recognition (MobileNet),"<p>A pre-trained model for object detection using the basic google image library.</p>
<p>MobileNet model.  Fantastic for Modulus and Pi deployments.</p>
<p>See our example here:</p>
<p>****</p>
<p><span>This model is available for both the Theano and TensorFlow backend, and can be built both with </span><code>'channels_first'</code><span>data format (channels, height, width) or </span><code>'channels_last'</code><span> data format (height, width, channels).</span></p>
<p>https://keras.io/applications/#mobilenet</p>",redhIO,Keras,"",true,Title,Default Title,,,,,ker-res50,0,,1,deny,manual,35.00,,true,true,"",https://cdn.shopify.com/s/files/1/0019/4668/1410/products/machine_learning_6998113b-7b9b-42fa-ad30-9189bd5ed6d8.jpg?v=1526606266,1,,false,,,,,,,,,,,,,,,,,kg,
object-recognition-resnet50,Object Recognition (ResNet50),"<p>A pre-trained model for object detection using the basic google image library.</p>
<p>ResNet50 model.  Fantastic for character &amp; handwriting recognition.</p>
<p>See our example here:</p>
<p>****</p>
<p><span>This model is available for both the Theano and TensorFlow backend, and can be built both with </span><code>'channels_first'</code><span>data format (channels, height, width) or </span><code>'channels_last'</code><span> data format (height, width, channels).</span></p>
<p>https://keras.io/applications/#resnet50</p>",redhIO,Keras,"",true,Title,Default Title,,,,,ker-res50,0,,1,deny,manual,25.00,,true,true,"",https://cdn.shopify.com/s/files/1/0019/4668/1410/products/machine_learning_ea764019-d5d1-437c-9b1d-c9a052e64a1f.jpg?v=1526606201,1,,false,,,,,,,,,,,,,,,,,kg,
high-res-object-recognition-inceptionv3,High-res Object Recognition (InceptionV3) @ $ per result,"<p>A pre-trained model for object detection using the basic google image library.</p>
<p>InceptionV3 model.  Fantastic for character &amp; handwriting recognition.</p>
<p>See our example here:</p>
<p>****</p>
<p><span>This model is available for both the Theano and TensorFlow backend, and can be built both with </span><code>'channels_first'</code><span>data format (channels, height, width) or </span><code>'channels_last'</code><span> data format (height, width, channels).</span></p>
<p>https://keras.io/applications/#inceptionv3</p>",redhIO,Keras,"",true,Title,Default Title,,,,,ker-incv3,0,,1,deny,manual,0.15,,true,true,"",,,,false,,,,,,,,,,,,,,,,,kg,
high-res-object-recognition-vgg19,High-res Object Recognition (VGG19) @ $ per result,"<p>A pre-trained model for object detection using the basic google image library.</p>
<p>This is a higher resolution, better performing version of VGG16.  Fantastic for character &amp; handwriting recognition.</p>
<p>See our example here:</p>
<p>****</p>
<p><span>This model is available for both the Theano and TensorFlow backend, and can be built both with </span><code>'channels_first'</code><span>data format (channels, height, width) or </span><code>'channels_last'</code><span> data format (height, width, channels).</span></p>
<p>https://keras.io/applications/#vgg19</p>",redhIO,Keras,"",true,Title,Default Title,,,,,ker-vgg19,0,,1,deny,manual,0.06,,true,true,"",,,,false,,,,,,,,,,,,,,,,,kg,
low-res-object-recognition-vgg16,Low-res Object Recognition (VGG16),"<p>A pre-trained model for object detection using the basic google image library.</p>
<p>See our example here:</p>
<p>****</p>
<p><span>This model is available for both the Theano and TensorFlow backend, and can be built both with </span><code>'channels_first'</code><span>data format (channels, height, width) or </span><code>'channels_last'</code><span> data format (height, width, channels).</span></p>
<p>https://keras.io/applications/#vgg16</p>",redhIO,Keras,"",true,Title,Default Title,,,,,ker-vgg16,0,,1,deny,manual,5.00,,true,true,"",https://cdn.shopify.com/s/files/1/0019/4668/1410/products/machine_learning.jpg?v=1526605852,1,,false,,,,,,,,,,,,,,,,,kg,
14k-white-gold-half-bezel-diamond-ring,"14K White Gold Weave Diamond Ring @ $1,250","<div>
<p>Weave set rings are epitome of perfection! A single row of round brilliant cut diamonds set in a full weave design captures the beauty of the setting style as well as the flash and fire of the diamond.</p>
</div>
<span></span>",Redhio,Ring,"",false,Title,Default Title,,,,,12151W17,45,,1,deny,manual,1250.00,1400.00,true,true,12151W17,https://cdn.shopify.com/s/files/1/0019/4668/1410/products/2018-05-17_19_37_49-Matching_Pave_Rope_Wedding_Ring___14K_White_Gold___James_Allen___15152W14.png?v=1526600781,1,,false,,,,,,,,,,,,,,,,,lb,
14k-white-gold-bezel-set-diamond-ring,"14K White Gold Bezel Set Diamond Ring @ $1,387",<span>Bezel set rings are epitome of perfection! A single row of round brilliant cut diamonds set in a full bezel design captures the beauty of the setting style as well as the flash and fire of the diamond.</span>,Redhio,Ring,"",false,Title,Default Title,,,,,12151W16,45,,1,deny,manual,1387.00,1500.00,true,true,12151W16,https://cdn.shopify.com/s/files/1/0019/4668/1410/products/2018-05-17_19_38_10-wedding_rings_womens_stackable_14k_white_gold_half_milgrain_bezel_diamond_ring.png?v=1526600662,1,,false,,,,,,,,,,,,,,,,,lb,
14k-white-gold-butterfly-diamond-ring,"14K White Gold Butterfly Diamond Ring @ $2,533",<span>Brilliant cut diamonds are prong set in a two to one pattern creating a butterfly pattern that it is a bit playful and whimsical similar to a butterfly.</span>,Redhio,Ring,"",false,Title,Default Title,,,,,12151W14,45,,1,deny,manual,2533.00,3500.00,true,true,12151W14,https://cdn.shopify.com/s/files/1/0019/4668/1410/products/2018-05-17_19_36_49-wedding_rings_womens_stackable_14k_white_gold_diamond_butterfly_ring_item_6216.png?v=1526600534,1,,false,,,,,,,,,,,,,,,,,lb,
14k-white-gold-butterfly-diamond-ring,,,,,,,,,,,,,,,,,,,,,,,,https://cdn.shopify.com/s/files/1/0019/4668/1410/products/2018-05-17_19_36_59-wedding_rings_womens_stackable_14k_white_gold_diamond_butterfly_ring_item_6216.png?v=1526600536,2,,,,,,,,,,,,,,,,,,,,
14k-white-gold-butterfly-diamond-ring,,,,,,,,,,,,,,,,,,,,,,,,https://cdn.shopify.com/s/files/1/0019/4668/1410/products/2018-05-17_19_37_06-wedding_rings_womens_stackable_14k_white_gold_diamond_butterfly_ring_item_6216.png?v=1526600537,3,,,,,,,,,,,,,,,,,,,,
lenet,Smile Recognition model (LeNet) @ $ per result,"<p>Pretrained ""smile detection"" model</p>
<p>Use this model to detect smiling faces in images and streaming video.</p>
<p>*****</p>
<p>Pretrained LeNet Model</p>
<p><span face=""Arial,Helvetica"" style=""font-family: Arial, Helvetica;"">Convolutional Neural Networks are are a special kind of multi-layer neural networks. Like almost every other neural networks they are trained with a version of the back-propagation algorithm. Where they differ is in the architecture. </span><span>  </span><br><span face=""Arial,Helvetica"" style=""font-family: Arial, Helvetica;""></span></p>
<p><span face=""Arial,Helvetica"" style=""font-family: Arial, Helvetica;"">Convolutional Neural Networks are designed to recognize visual patterns directly from pixel images with minimal preprocessing.</span><span>  </span><br><span face=""Arial,Helvetica"" style=""font-family: Arial, Helvetica;""></span></p>
<p><span face=""Arial,Helvetica"" style=""font-family: Arial, Helvetica;"">They can recognize patterns with extreme variability (such as handwritten characters), and with robustness to distortions and simple geometric transformations.</span></p>
<p>http://yann.lecun.com/exdb/lenet/</p>",redhIO,NeuralNet,"free, model, opensource, pretrained",true,Title,Default Title,,,,,mod-0001,0,,0,deny,manual,0.05,,false,true,"",https://cdn.shopify.com/s/files/1/0019/4668/1410/products/44205694-smiling-people.jpg?v=1526605649,1,,false,,,,,,,,,,,,,,,,,kg,
